<?xml version="1.0" encoding="UTF-8"?>
<project-private xmlns="http://www.netbeans.org/ns/project-private/1">
    <editor-bookmarks xmlns="http://www.netbeans.org/ns/editor-bookmarks/2" lastBookmarkId="0"/>
    <open-files xmlns="http://www.netbeans.org/ns/projectui-open-files/2">
        <group>
            <file>file:/C:/Users/ivang/OneDrive/Documentos/NetBeansProjects/Practica4Casa/src/practica4casa/Moto.java</file>
            <file>file:/C:/Users/ivang/OneDrive/Documentos/NetBeansProjects/Practica4Casa/src/practica4casa/Vehiculo.java</file>
            <file>file:/C:/Users/ivang/OneDrive/Documentos/NetBeansProjects/Practica4Casa/src/practica4casa/Camion.java</file>
            <file>file:/C:/Users/ivang/OneDrive/Documentos/NetBeansProjects/Practica4Casa/src/practica4casa/Practica4Casa.java</file>
            <file>file:/C:/Users/ivang/OneDrive/Documentos/NetBeansProjects/Practica4Casa/src/practica4casa/Carta.java</file>
            <file>file:/C:/Users/ivang/OneDrive/Documentos/NetBeansProjects/Practica4Casa/src/practica4casa/Coche.java</file>
        </group>
    </open-files>
</project-private>
